연도,시도,회사,세대수,수요가수,보급률
2006,강원,강원,96802.0,65198.0,67.35191421664841
2006,강원,참빛,59618.0,13339.0,22.37411520010735
2006,강원,참빛영동,150498.0,17793.0,11.82274847506279
2006,강원,참빛원주,126906.0,64862.0,51.11027059398295
2006,경기,대륜,309356.0,193569.0,62.57160035687041
2006,경기,삼천리,2270932.0,1853152.0,81.60314795863547
2006,경기,서울,529532.0,346084.0,65.35657901694326
2006,경기,예스코,258857.0,180477.0,69.7207338414646
2006,경기,인천,9369.0,108.0,1.152737752161383
2006,경기,코원ES,642237.0,450494.0,70.1445105155885
2006,경남,경남,676701.0,336557.0,49.7349641865462
2006,경남,경동,79676.0,50377.0,63.22732064862694
2006,경남,지에스이,164330.0,46302.0,28.17623075518773
2006,경북,대성,92584.0,67385.0,72.78255422103172
2006,경북,대성청정,164752.0,28214.0,17.12513353403904
2006,경북,서라벌,145976.0,48371.0,33.13626897572204
2006,경북,영남ES(구미),238993.0,131534.0,55.03675839878155
2006,경북,영남ES(포항),179593.0,102131.0,56.86802937753698
2006,광주,해양,495065.0,343727.0,69.43068081969035
2006,대구,대성,875173.0,554759.0,63.38849576026683
2006,대전,CNCITY,518039.0,395747.0,76.39328313119282
2006,부산,부산,1288671.0,729028.0,56.57208084918494
2006,서울,귀뚜라미,334775.0,303180.0,90.56231797475915
2006,서울,대륜,569625.0,497359.0,87.31340794382268
2006,서울,서울,1509267.0,1283168.0,85.01928419557309
2006,서울,예스코,885029.0,787574.0,88.98849642215114
2006,서울,코원ES,692355.0,616606.0,89.05922539737561
2006,울산,경동,373114.0,257787.0,69.09068006024968
2006,인천,삼천리,327040.0,282869.0,86.49370107632095
2006,인천,인천,630821.0,534353.0,84.70754778296853
2006,전남,MC에너지,141524.0,49623.0,35.06331081653995
2006,전남,대화,93449.0,43892.0,46.96893492707252
2006,전남,전남,166859.0,84117.0,50.41202452369965
2006,전남,해양,87501.0,14911.0,17.04094810345024
2006,전북,군산,94828.0,46527.0,49.06462226346648
2006,전북,전북,287708.0,177753.0,61.7824321881908
2006,전북,전북ES,162632.0,63792.0,39.22475281617394
2006,제주,제주,208424.0,4896.0,2.349057690093271
2006,충남,CNCITY,12259.0,10562.0,86.15710906272942
2006,충남,서해,202120.0,31097.0,15.38541460518504
2006,충남,중부,560111.0,183235.0,32.71405132197011
2006,충북,참빛충북,75053.0,22552.0,30.04809934313085
2006,충북,충청ES,401366.0,196384.0,48.92890777993154
2007,강원,강원,98900.0,69433.0,70.20525783619817
2007,강원,참빛,60170.0,14927.0,24.80804387568556
2007,강원,참빛영동,152249.0,19386.0,12.73308855887395
2007,강원,참빛원주,130994.0,69572.0,53.11082950364139
2007,경기,대륜,323670.0,207039.0,63.96607655945871
2007,경기,삼천리,2338684.0,1925963.0,82.35242555214813
2007,경기,서울,543378.0,358666.0,66.00672091987529
2007,경기,예스코,327528.0,190597.0,58.19258200825578
2007,경기,인천,9513.0,296.0,3.111531588352781
2007,경기,코원ES,647025.0,459879.0,71.07592442332212
2007,경남,경남,736194.0,372370.0,50.58041766164897
2007,경남,경동,82501.0,54981.0,66.6428285717749
2007,경남,지에스이,166011.0,50469.0,30.40099752426044
2007,경북,대성,95011.0,71886.0,75.66071297007714
2007,경북,대성청정,165930.0,30438.0,18.34387994937624
2007,경북,서라벌,148548.0,52802.0,35.54541293050058
2007,경북,영남ES(구미),245022.0,146818.0,59.92033368432222
2007,경북,영남ES(포항),183065.0,115005.0,62.82194848824189
2007,광주,해양,503844.0,370025.0,73.44039027953096
2007,대구,대성,883920.0,582370.0,65.88492171237216
2007,대전,CNCITY,525880.0,419601.0,79.79025633224309
2007,부산,부산,1300692.0,796528.0,61.23878673813632
2007,서울,귀뚜라미,338876.0,303901.0,89.67911566472692
2007,서울,대륜,576048.0,502317.0,87.20054578785101
2007,서울,서울,1536024.0,1293612.0,84.2182153403853
2007,서울,예스코,899410.0,798579.0,88.78920625743542
2007,서울,코원ES,707355.0,627251.0,88.67555894847708
2007,울산,경동,380865.0,267774.0,70.30680162262219
2007,인천,삼천리,333440.0,289062.0,86.69085892514396
2007,인천,인천,654365.0,558498.0,85.34961374767904
2007,전남,MC에너지,145158.0,54737.0,37.70856583860346
2007,전남,대화,94649.0,45230.0,47.7870870268043
2007,전남,전남,169483.0,84960.0,50.12892148475069
2007,전남,해양,87723.0,16354.0,18.6427732749678
2007,전북,군산,96219.0,48824.0,50.74257682994003
2007,전북,전북,291688.0,194175.0,66.56941663695456
2007,전북,전북ES,164151.0,67131.0,40.8958824496957
2007,제주,제주,211850.0,5217.0,2.462591456219023
2007,충남,CNCITY,12583.0,10893.0,86.56918064054678
2007,충남,서해,214306.0,40013.0,18.67096581523616
2007,충남,중부,569197.0,204225.0,35.87949339156742
2007,충북,참빛충북,76788.0,27783.0,36.18143459915612
2007,충북,충청ES,411752.0,218088.0,52.96586294662807
2008,강원,강원,130244.0,75687.0,58.11169804367188
2008,강원,참빛,60978.0,15829.0,25.95854242513693
2008,강원,참빛영동,154187.0,20516.0,13.30592073261689
2008,강원,참빛원주,134456.0,75850.0,56.41250669363955
2008,경기,대륜,333853.0,224176.0,67.14811608702034
2008,경기,삼천리,2394441.0,2003912.0,83.69018071441309
2008,경기,서울,560651.0,373818.0,66.67570378006995
2008,경기,예스코,329692.0,197754.0,59.98143722019339
2008,경기,인천,9781.0,800.0,8.179122789080871
2008,경기,코원ES,654210.0,472654.0,72.24805490591706
2008,경남,경남,755152.0,407592.0,53.97482890861708
2008,경남,경동,87272.0,61990.0,71.0308002566688
2008,경남,지에스이,167466.0,57010.0,34.04273106182747
2008,경북,대성,97107.0,76591.0,78.87278980917957
2008,경북,대성청정,167956.0,33915.0,20.1927885874872
2008,경북,서라벌,149150.0,57280.0,38.40429098223265
2008,경북,영남ES(구미),249116.0,158574.0,63.65468295894282
2008,경북,영남ES(포항),229887.0,127316.0,55.38199202216742
2008,광주,해양,513021.0,413537.0,80.60820122373158
2008,대구,대성,894969.0,627393.0,70.10220465736802
2008,대전,CNCITY,531682.0,443176.0,83.3535835330141
2008,부산,부산,1311724.0,860283.0,65.58414727488405
2008,서울,귀뚜라미,342254.0,304782.0,89.05140626552209
2008,서울,대륜,583036.0,506711.0,86.90904163722308
2008,서울,서울,1548040.0,1303643.0,84.21248804940441
2008,서울,예스코,903281.0,801908.0,88.7772465046868
2008,서울,코원ES,732222.0,648191.0,88.52383566732493
2008,울산,경동,389735.0,294891.0,75.66448997395666
2008,인천,삼천리,346109.0,302803.0,87.4877567471519
2008,인천,인천,660447.0,570466.0,86.37574248955632
2008,전남,MC에너지,149119.0,60414.0,40.51395194442023
2008,전남,대화,96380.0,47993.0,49.79560074704295
2008,전남,전남,171865.0,90365.0,52.57905914525936
2008,전남,해양,87229.0,17794.0,20.39917917206434
2008,전북,군산,99379.0,56073.0,56.42338924722527
2008,전북,전북,297533.0,208582.0,70.10382041655883
2008,전북,전북ES,164525.0,70329.0,42.74669503115028
2008,제주,제주,214681.0,5671.0,2.641593806624713
2008,충남,CNCITY,13755.0,12435.0,90.40348964013086
2008,충남,서해,216853.0,46594.0,21.48644473445145
2008,충남,중부,582263.0,231922.0,39.83114159752552
2008,충북,참빛충북,78655.0,31241.0,39.71902612675608
2008,충북,충청ES,508756.0,236716.0,46.52839475111841
2009,강원,강원,132729.0,87467.0,65.89893693164267
2009,강원,참빛,61743.0,17232.0,27.90923667460279
2009,강원,참빛영동,156922.0,21974.0,14.00313531563452
2009,강원,참빛원주,137797.0,81339.0,59.02813559076032
2009,경기,대륜,337008.0,235881.0,69.99270047001852
2009,경기,삼천리,2433159.0,2055853.0,84.49316300332201
2009,경기,서울,569082.0,387485.0,68.08948446796771
2009,경기,예스코,347013.0,208178.0,59.99141242547109
2009,경기,인천,10024.0,1209.0,12.061053471668
2009,경기,코원ES,669153.0,496596.0,74.21262401872217
2009,경남,경남,773937.0,433890.0,56.0627027781331
2009,경남,경동,91153.0,66461.0,72.91147850317597
2009,경남,지에스이,169951.0,66783.0,39.29544398091214
2009,경북,대성,97855.0,81315.0,83.09744008992898
2009,경북,대성청정,208584.0,36673.0,17.581885475396
2009,경북,서라벌,150535.0,62210.0,41.32593748962036
2009,경북,영남ES(구미),252781.0,165891.0,65.62637223525502
2009,경북,영남ES(포항),233889.0,135441.0,57.90823852340212
2009,광주,해양,524093.0,444585.0,84.82941004745341
2009,대구,대성,906470.0,662669.0,73.10434984059042
2009,대전,CNCITY,538100.0,462052.0,85.86731090875303
2009,부산,부산,1323771.0,908760.0,68.64933587455836
2009,서울,귀뚜라미,343564.0,307775.0,89.58301801120024
2009,서울,대륜,583007.0,512354.0,87.88127758328802
2009,서울,서울,1550803.0,1318164.0,84.99880384549165
2009,서울,예스코,901373.0,807054.0,89.53607441092645
2009,서울,코원ES,749092.0,666493.0,88.97345052410118
2009,울산,경동,394364.0,311576.0,79.00721161160756
2009,인천,삼천리,354094.0,310565.0,87.7069365761634
2009,인천,인천,664086.0,585681.0,88.19354722129363
2009,전남,MC에너지,153248.0,67118.0,43.79698266861558
2009,전남,대화,97188.0,50318.0,51.77388154916245
2009,전남,전남,175032.0,99413.0,56.79704282645459
2009,전남,해양,87455.0,18143.0,20.74552627065348
2009,전북,군산,101757.0,61902.0,60.83316135499278
2009,전북,전북,390016.0,218455.0,56.01180464391204
2009,전북,전북ES,165658.0,74014.0,44.67879607383887
2009,제주,제주,217711.0,6515.0,2.992499230631433
2009,충남,CNCITY,14216.0,12830.0,90.25042205965109
2009,충남,서해,220470.0,57046.0,25.87472218442419
2009,충남,중부,593160.0,254113.0,42.84054892440488
2009,충북,참빛충북,80251.0,36775.0,45.82497414362438
2009,충북,충청ES,518953.0,249333.0,48.04539139382564
2010,강원,강원,137420.0,93240.0,67.85038567894047
2010,강원,참빛,63220.0,18268.0,28.89591901297058
2010,강원,참빛영동,161398.0,25184.0,15.60366299458482
2010,강원,참빛원주,142943.0,86347.0,60.40659563602275
2010,경기,대륜,350511.0,249937.0,71.30646399114435
2010,경기,삼천리,2516493.0,2108904.0,83.80329291597474
2010,경기,서울,586975.0,440031.0,74.96588440734273
2010,경기,예스코,368278.0,225006.0,61.09678014977816
2010,경기,인천,10379.0,2641.0,25.44561133057134
2010,경기,코원ES,700421.0,560432.0,80.01359182548782
2010,경남,경남,797381.0,457987.0,57.43640743885295
2010,경남,경동,96584.0,67726.0,70.12134515033546
2010,경남,지에스이,174740.0,75503.0,43.20876731143413
2010,경북,대성,100937.0,85392.0,84.59930451667871
2010,경북,대성청정,211039.0,39585.0,18.75719653713295
2010,경북,서라벌,153424.0,60764.0,39.60527687975806
2010,경북,영남ES(구미),376989.0,177231.0,47.01224704169087
2010,경북,영남ES(포항),240217.0,143868.0,59.89084869097524
2010,광주,해양,540875.0,473603.0,87.56237577998614
2010,대구,대성,934598.0,700480.0,74.9498714955521
2010,대전,CNCITY,555768.0,485153.0,87.29415871370789
2010,부산,부산,1371346.0,952242.0,69.43849327594933
2010,서울,귀뚜라미,349713.0,318660.0,91.12043304080774
2010,서울,대륜,598356.0,525530.0,87.82898475155258
2010,서울,서울,1555693.0,1394852.0,89.66113494114842
2010,서울,예스코,930751.0,816536.0,87.72872658745464
2010,서울,코원ES,786266.0,727866.0,92.57248819101932
2010,울산,경동,405501.0,327901.0,80.86317912902804
2010,인천,삼천리,367567.0,314971.0,85.69077202251563
2010,인천,인천,682874.0,618799.0,90.61686343307844
2010,전남,MC에너지,157001.0,71524.0,45.55639772995077
2010,전남,대화,98855.0,54869.0,55.50452683222902
2010,전남,전남,180113.0,101562.0,56.38793424128187
2010,전남,해양,70778.0,18777.0,26.52943004888525
2010,전북,군산,131205.0,69699.0,53.12221333028467
2010,전북,전북,399833.0,230445.0,57.63531274307023
2010,전북,전북ES,169986.0,79055.0,46.50677114585907
2010,제주,제주,224713.0,9700.0,4.316617196156876
2010,충남,CNCITY,14417.0,12963.0,89.9146840535479
2010,충남,서해,226820.0,67755.0,29.87170443523499
2010,충남,중부,613195.0,275168.0,44.87446896990354
2010,충북,참빛충북,82304.0,39441.0,47.92112169517885
2010,충북,충청ES,535136.0,276184.0,51.61005800394665
2011,강원,강원,139723.0,96038.0,68.73456768033896
2011,강원,참빛,63254.0,18866.0,29.8257817687419
2011,강원,참빛영동,161983.0,27255.0,16.8258397486156
2011,강원,참빛원주,147596.0,91026.0,61.67240304615301
2011,경기,대륜,359033.0,256908.0,71.5555394629463
2011,경기,삼천리,2536080.0,2174805.0,85.75458976057537
2011,경기,서울,606392.0,471878.0,77.81731948970302
2011,경기,예스코,367168.0,238005.0,64.82182543141015
2011,경기,인천,10898.0,3160.0,28.99614608184988
2011,경기,코원ES,699834.0,572448.0,81.79768345064686
2011,경남,경남,833193.0,493624.0,59.24485683389082
2011,경남,경동,99954.0,71770.0,71.80302939352103
2011,경남,지에스이,176780.0,82805.0,46.84070596221292
2011,경북,대성,103194.0,88776.0,86.02825745682888
2011,경북,대성청정,213530.0,42156.0,19.74242495199738
2011,경북,서라벌,154710.0,63748.0,41.20483485230431
2011,경북,영남ES(구미),378726.0,186238.0,49.17486520598005
2011,경북,영남ES(포항),242823.0,153263.0,63.11716764886357
2011,광주,해양,549105.0,500511.0,91.1503264402983
2011,대구,대성,940770.0,732222.0,77.83220128192863
2011,대전,CNCITY,566324.0,513784.0,90.72262521100996
2011,부산,부산,1381257.0,1002185.0,72.55601238581959
2011,서울,귀뚜라미,351452.0,325905.0,92.73101305441426
2011,서울,대륜,592991.0,529384.0,89.27353028966712
2011,서울,서울,1544466.0,1419224.0,91.89091893249837
2011,서울,예스코,923181.0,854253.0,92.53364183188346
2011,서울,코원ES,780662.0,739391.0,94.71333304298147
2011,울산,경동,412561.0,345653.0,83.78227704509152
2011,인천,삼천리,374340.0,331403.0,88.52994603836085
2011,인천,인천,693387.0,645635.0,93.11322537053624
2011,전남,MC에너지,158190.0,75991.0,48.03780264239206
2011,전남,대화,100675.0,57059.0,56.67643407002731
2011,전남,전남,184302.0,113937.0,61.8208158348797
2011,전남,해양,91145.0,21180.0,23.23769817324044
2011,전북,군산,123185.0,77559.0,62.96139952104558
2011,전북,전북,406659.0,249035.0,61.23926926491237
2011,전북,전북ES,173962.0,82301.0,47.30975730331912
2011,제주,제주,194135.0,10894.0,5.611558966698431
2011,충남,CNCITY,14381.0,12908.0,89.75731868437522
2011,충남,서해,229872.0,77703.0,33.8027249947797
2011,충남,중부,624038.0,302402.0,48.45890795111836
2011,충북,참빛충북,81345.0,42823.0,52.64367816091954
2011,충북,충청ES,544060.0,290837.0,53.45678785428078
2012,강원,강원,140490.0,98922.0,70.4121289771514
2012,강원,명성,0.0,0.0,0.0
2012,강원,참빛,63314.0,18456.0,29.14995103768519
2012,강원,참빛영동,164400.0,31441.0,19.12469586374696
2012,강원,참빛원주,150033.0,96785.0,64.50914132224244
2012,경기,대륜,360162.0,261954.0,72.73227047828478
2012,경기,삼천리,2563364.0,2278232.0,88.87664802969849
2012,경기,서울,614817.0,499921.0,81.31216280616835
2012,경기,예스코,365687.0,249926.0,68.3442397460123
2012,경기,인천,11119.0,3370.0,30.30848097850526
2012,경기,코원ES,699192.0,581729.0,83.20017963592261
2012,경남,경남,843502.0,522294.0,61.91971091947618
2012,경남,경동,102031.0,74616.0,73.13071517479982
2012,경남,지에스이,206276.0,96541.0,46.80185770521049
2012,경북,대성,105069.0,96881.0,92.20702585919727
2012,경북,대성청정,215003.0,44468.0,20.6825021046218
2012,경북,서라벌,155003.0,68484.0,44.18237066379361
2012,경북,영남ES(구미),385698.0,199417.0,51.70288671447609
2012,경북,영남ES(포항),245931.0,160784.0,65.37768723747718
2012,광주,해양,555538.0,523533.0,94.23891794980722
2012,대구,대성,948652.0,775472.0,81.74462289648892
2012,대전,CNCITY,575600.0,530299.0,92.12977762334955
2012,부산,부산,1389526.0,1059273.0,76.23268654202944
2012,서울,귀뚜라미,352104.0,333150.0,94.61693136118872
2012,서울,대륜,588178.0,534284.0,90.83712753622204
2012,서울,서울,1545723.0,1447786.0,93.66400060036632
2012,서울,예스코,956445.0,869667.0,90.9270266455468
2012,서울,코원ES,773502.0,736286.0,95.18863558206702
2012,세종,중부,0.0,0.0,0.0
2012,세종,충청ES,0.0,0.0,0.0
2012,울산,경동,422177.0,364250.0,86.27897777472482
2012,인천,삼천리,374883.0,345980.0,92.29012785322354
2012,인천,인천,711825.0,626835.0,88.06026762195765
2012,전남,MC에너지,159367.0,82836.0,51.9781385104821
2012,전남,대화,101788.0,60389.0,59.32821157700319
2012,전남,전남,243263.0,112676.0,46.31859345646481
2012,전남,해양,138350.0,27160.0,19.63136971449223
2012,전북,군산,151466.0,85460.0,56.4219032654193
2012,전북,전북,411867.0,264578.0,64.23869841477952
2012,전북,전북ES,172735.0,86378.0,50.00607867542768
2012,제주,제주,196524.0,12239.0,6.227738087968899
2012,충남,CNCITY,14017.0,13035.0,92.99422130270386
2012,충남,서해,234389.0,87263.0,37.2299894619628
2012,충남,중부,640617.0,333888.0,52.11975330033389
2012,충북,참빛충북,83795.0,44712.0,53.35879229070947
2012,충북,충청ES,552196.0,312605.0,56.61123948742838
2013,강원,강원,161309.0,103958.0,64.44649709563632
2013,강원,명성,0.0,0.0,0.0
2013,강원,참빛,65456.0,19263.0,29.4289293571254
2013,강원,참빛영동,143238.0,35979.0,25.11833452016923
2013,강원,참빛원주,152167.0,100233.0,65.87039239782607
2013,경기,대륜,362301.0,268660.0,74.15381133367008
2013,경기,삼천리,2596871.0,2337033.0,89.99418916072457
2013,경기,서울,646073.0,527996.0,81.72389188218668
2013,경기,예스코,350718.0,264167.0,75.32176848636226
2013,경기,인천,11199.0,3708.0,33.1100991159925
2013,경기,코원ES,707563.0,603170.0,85.24611942682135
2013,경남,경남,854877.0,547248.0,64.01482318508978
2013,경남,경동,106677.0,79115.0,74.16312794698014
2013,경남,지에스이,227992.0,108311.0,47.50649145584055
2013,경북,대성,107212.0,101413.0,94.59109054956537
2013,경북,대성청정,217454.0,49041.0,22.55235590055828
2013,경북,서라벌,156658.0,73599.0,46.98068403784039
2013,경북,영남ES(구미),391485.0,212330.0,54.23707166302668
2013,경북,영남ES(포항),249189.0,166756.0,66.9194868152286
2013,광주,해양,563599.0,544158.0,96.55056165820024
2013,대구,대성,960265.0,812574.0,84.61976641864484
2013,대전,CNCITY,584877.0,542674.0,92.78429481754284
2013,부산,부산,1404663.0,1121579.0,79.84683870793208
2013,서울,귀뚜라미,351324.0,339724.0,96.69820450638156
2013,서울,대륜,585163.0,535273.0,91.47417044481622
2013,서울,서울,1553371.0,1476904.0,95.07735112860996
2013,서울,예스코,918120.0,884224.0,96.30810787260926
2013,서울,코원ES,774372.0,755394.0,97.549239900203
2013,세종,중부,50045.0,26119.0,52.19102807473273
2013,세종,충청ES,2967.0,1727.0,58.20694304010785
2013,울산,경동,431595.0,379028.0,87.82029448904645
2013,인천,삼천리,381042.0,348416.0,91.43768928359604
2013,인천,인천,726841.0,644011.0,88.60411011486694
2013,전남,MC에너지,160074.0,90361.0,56.44951709834201
2013,전남,대화,103117.0,63282.0,61.36912439268016
2013,전남,전남,246144.0,118381.0,48.09420501820073
2013,전남,해양,175065.0,36851.0,21.04989575300603
2013,전북,군산,153583.0,90774.0,59.10419773021754
2013,전북,전북,415986.0,274589.0,66.00919261705923
2013,전북,전북ES,174005.0,96095.0,55.22542455676561
2013,제주,제주,167548.0,15599.0,9.310167832501731
2013,충남,CNCITY,13954.0,13152.0,94.252544073384
2013,충남,서해,239432.0,98087.0,40.96653747201711
2013,충남,중부,604313.0,336204.0,55.6340836619434
2013,충북,참빛충북,84902.0,49886.0,58.75715530847329
2013,충북,충청ES,559160.0,330598.0,59.12404320766864
2014,강원,강원,205574.0,110957.0,53.97423798729412
2014,강원,명성,0.0,0.0,0.0
2014,강원,참빛,65669.0,20113.0,30.6278457110661
2014,강원,참빛영동,168419.0,39140.0,23.23965823333472
2014,강원,참빛원주,154835.0,104371.0,67.40788581393096
2014,경기,대륜,366092.0,276993.0,75.66212864525856
2014,경기,삼천리,2627967.0,2384926.0,90.75174840475546
2014,경기,서울,666604.0,556227.0,83.44189353799257
2014,경기,예스코,391229.0,270291.0,69.0876698813227
2014,경기,인천,11722.0,4612.0,39.3448217027811
2014,경기,코원ES,717685.0,595921.0,83.03378223036569
2014,경남,경남,897239.0,577022.0,64.31084694267636
2014,경남,경동,113213.0,89783.0,79.30449683340252
2014,경남,지에스이,231475.0,123845.0,53.50253807106598
2014,경북,대성,110880.0,104886.0,94.59415584415584
2014,경북,대성청정,219063.0,54039.0,24.6682461209789
2014,경북,서라벌,157890.0,79095.0,50.0950028500855
2014,경북,영남ES(구미),395880.0,226149.0,57.12564413458624
2014,경북,영남ES(포항),252111.0,172800.0,68.54123778811714
2014,광주,해양,573043.0,571281.0,99.6925187115103
2014,대구,대성,970618.0,849130.0,87.48343838667736
2014,대전,CNCITY,592508.0,553353.0,93.39165040809576
2014,부산,부산,1421648.0,1178096.0,82.86833308948488
2014,서울,귀뚜라미,351950.0,345159.0,98.07046455462424
2014,서울,대륜,580720.0,536189.0,92.3317605730817
2014,서울,서울,1562394.0,1508946.0,96.5790959258676
2014,서울,예스코,921435.0,884175.0,95.9563072815771
2014,서울,코원ES,782547.0,738780.0,94.40710909376688
2014,세종,중부,59770.0,43488.0,72.75890915174837
2014,세종,충청ES,3037.0,1831.0,60.28975963121501
2014,울산,경동,442250.0,394558.0,89.216054267948
2014,인천,삼천리,388730.0,359818.0,92.56244694260798
2014,인천,인천,736467.0,657444.0,89.26998765728811
2014,전남,MC에너지,161870.0,98384.0,60.77963798109595
2014,전남,대화,104852.0,68409.0,65.24339068401174
2014,전남,전남,248747.0,123671.0,49.71758453368282
2014,전남,해양,194216.0,43050.0,22.1660419326935
2014,전북,군산,154616.0,94708.0,61.25368655249134
2014,전북,전북,422322.0,290869.0,68.87375036109887
2014,전북,전북ES,174333.0,97738.0,56.06396952957845
2014,제주,제주,173627.0,17559.0,10.11305845289039
2014,충남,CNCITY,13894.0,13297.0,95.7031812293076
2014,충남,서해,244369.0,105972.0,43.3655660087818
2014,충남,중부,612719.0,357649.0,58.37080292923837
2014,충북,참빛충북,86422.0,53419.0,61.81180717872764
2014,충북,충청ES,569730.0,351770.0,61.74328190546399
2015,강원,강원,208289.0,114429.0,54.93761072356197
2015,강원,명성,0.0,0.0,0.0
2015,강원,참빛,65782.0,21031.0,31.97075187741327
2015,강원,참빛영동,168713.0,38720.0,22.95021723281549
2015,강원,참빛원주,159201.0,109370.0,68.69931721534412
2015,경기,대륜,371936.0,283405.0,76.19724898907339
2015,경기,삼천리,2672657.0,2431893.0,90.99158627538064
2015,경기,서울,685895.0,577171.0,84.14859417257745
2015,경기,예스코,390681.0,291584.0,74.63480435444775
2015,경기,인천,12182.0,5008.0,41.10983418157938
2015,경기,코원ES,735254.0,610531.0,83.03674648488821
2015,경남,경남,910626.0,612657.0,67.27866324923734
2015,경남,경동,117649.0,96436.0,81.96924750741613
2015,경남,지에스이,236009.0,130903.0,55.46525768085115
2015,경북,대성,125575.0,110897.0,88.31136770854071
2015,경북,대성청정,198685.0,57798.0,29.09026851548934
2015,경북,서라벌,159290.0,91724.0,57.58302467198192
2015,경북,영남ES(구미),402579.0,237396.0,58.96879867057149
2015,경북,영남ES(포항),255655.0,176898.0,69.19403101836458
2015,광주,해양,580427.0,555852.0,95.76604809907188
2015,대구,대성,982360.0,891117.0,90.71185716030784
2015,대전,CNCITY,597008.0,561817.0,94.10543912309384
2015,부산,부산,1437818.0,1228270.0,85.42597185457407
2015,서울,귀뚜라미,351400.0,348578.0,99.19692657939667
2015,서울,대륜,576499.0,533163.0,92.48290109783365
2015,서울,서울,1569468.0,1525469.0,97.19656597012492
2015,서울,예스코,915511.0,907480.0,99.1227849801914
2015,서울,코원ES,777070.0,734026.0,94.46073069350253
2015,세종,중부,78743.0,62769.0,79.71375233354075
2015,세종,충청ES,3063.0,1909.0,62.324518445968
2015,울산,경동,451688.0,409472.0,90.65372558048918
2015,인천,삼천리,393267.0,367407.0,93.42431477850926
2015,인천,인천,749485.0,675006.0,90.06264301487022
2015,전남,MC에너지,162500.0,105260.0,64.77538461538461
2015,전남,대화,105297.0,73075.0,69.3989382413554
2015,전남,전남,252293.0,130727.0,51.81554779561858
2015,전남,해양,219192.0,48642.0,22.19150333953794
2015,전북,군산,156059.0,98896.0,63.37090459377544
2015,전북,전북,428387.0,301971.0,70.49023429749269
2015,전북,전북ES,175060.0,101396.0,57.92071289843482
2015,제주,제주,177102.0,20607.0,11.63566758139377
2015,충남,CNCITY,14397.0,14049.0,97.5828297561992
2015,충남,서해,250544.0,116986.0,46.69279647487068
2015,충남,중부,621027.0,380476.0,61.26561325030957
2015,충북,참빛충북,87463.0,55440.0,63.38680356264936
2015,충북,충청ES,582040.0,369583.0,63.4978695622294
2016,강원,강원,210956.0,116348.0,55.15273327139308
2016,강원,명성,20745.0,0.0,0.0
2016,강원,참빛,65972.0,22371.0,33.90984053841024
2016,강원,참빛영동,169396.0,45402.0,26.80228576825899
2016,강원,참빛원주,163419.0,117566.0,71.94145111645524
2016,경기,대륜,377259.0,291716.0,77.32512676967282
2016,경기,삼천리,2726893.0,2501607.0,91.73836303808034
2016,경기,서울,701968.0,601046.0,85.62299136142958
2016,경기,예스코,411730.0,306054.0,74.33366526607243
2016,경기,인천,14391.0,5642.0,39.20505871725383
2016,경기,코원ES,765361.0,644033.0,84.1476113886127
2016,경남,경남,932105.0,644653.0,69.16098508215276
2016,경남,경동,125453.0,107391.0,85.60257626362063
2016,경남,지에스이,263265.0,138732.0,52.69671243803772
2016,경북,대성,126886.0,113798.0,89.68522926091137
2016,경북,대성청정,200875.0,65969.0,32.84082140634723
2016,경북,서라벌,161307.0,100451.0,62.27318095308944
2016,경북,영남ES(구미),406526.0,248059.0,61.01922140281311
2016,경북,영남ES(포항),257466.0,182551.0,70.90295417647378
2016,광주,해양,586464.0,572660.0,97.64623233480656
2016,대구,대성,994220.0,934567.0,94.00002011627204
2016,대전,CNCITY,606137.0,571987.0,94.36596017072048
2016,부산,부산,1451270.0,1271083.0,87.58418488634094
2016,서울,귀뚜라미,349562.0,351539.0,100.5655649069407
2016,서울,대륜,574101.0,535204.0,93.22471133128144
2016,서울,서울,1576273.0,1543168.0,97.89979273894816
2016,서울,예스코,916624.0,939632.0,102.5100804692
2016,서울,코원ES,773279.0,736274.0,95.21453446944764
2016,세종,중부,91187.0,72991.0,80.0454012085056
2016,세종,충청ES,3156.0,1854.0,58.74524714828897
2016,울산,경동,455352.0,418012.0,91.79975052267255
2016,인천,삼천리,404087.0,381075.0,94.30518675433756
2016,인천,인천,755690.0,686382.0,90.82851433788989
2016,전남,MC에너지,182284.0,111978.0,61.43051502051743
2016,전남,대화,107501.0,76513.0,71.17422163514759
2016,전남,전남,255937.0,137193.0,53.60420728538664
2016,전남,해양,221881.0,56637.0,25.52584493489753
2016,전북,군산,157350.0,101115.0,64.26120114394661
2016,전북,전북,432952.0,315443.0,72.85865407712633
2016,전북,전북ES,176005.0,104590.0,59.42444816908611
2016,제주,제주,186694.0,23455.0,12.56333893965526
2016,충남,CNCITY,14858.0,14077.0,94.74357248620272
2016,충남,서해,255848.0,131159.0,51.26442262593415
2016,충남,중부,631588.0,406934.0,64.43029316579796
2016,충북,참빛충북,88900.0,60303.0,67.83239595050618
2016,충북,충청ES,592060.0,368241.0,62.19656791541398
2017,강원,강원,213075.0,120237.0,56.42942625835973
2017,강원,명성,21008.0,807.0,3.841393754760091
2017,강원,참빛,66817.0,23356.0,34.95517607794423
2017,강원,참빛영동,170556.0,48484.0,28.42702690025564
2017,강원,참빛원주,167298.0,124887.0,74.64942796686152
2017,경기,대륜,385495.0,303738.0,78.79168342001842
2017,경기,삼천리,2789790.0,2570950.0,92.15568196889372
2017,경기,서울,713837.0,623984.0,87.41267264095305
2017,경기,예스코,421233.0,321528.0,76.33020204969696
2017,경기,인천,14759.0,7655.0,51.86665763263094
2017,경기,코원ES,787167.0,665753.0,84.57582698461698
2017,경남,경남,938823.0,696486.0,74.18714709801529
2017,경남,경동,135821.0,118942.0,87.57261395513211
2017,경남,지에스이,266286.0,148009.0,55.58271933184621
2017,경북,대성,128958.0,116914.0,90.6605251322136
2017,경북,대성청정,200875.0,74613.0,37.14399502177972
2017,경북,서라벌,163506.0,105449.0,64.49243452839652
2017,경북,영남ES(구미),410776.0,257488.0,62.68331158587649
2017,경북,영남ES(포항),259205.0,187062.0,72.16758935977316
2017,광주,해양,592818.0,588515.0,99.27414484715376
2017,대구,대성,1006753.0,962963.0,95.65037303092218
2017,대전,CNCITY,614639.0,581453.0,94.60073311325836
2017,부산,부산,1467555.0,1319756.0,89.9288953395273
2017,서울,귀뚜라미,349723.0,356047.0,101.8082882738625
2017,서울,대륜,571736.0,536753.0,93.8812668784194
2017,서울,서울,1592188.0,1564443.0,98.25742939904082
2017,서울,예스코,928415.0,961912.0,103.6079770361315
2017,서울,코원ES,776511.0,740630.0,95.3792026127125
2017,세종,중부,106366.0,87224.0,82.00364778218604
2017,세종,충청ES,3124.0,1922.0,61.52368758002561
2017,울산,경동,458547.0,427149.0,93.15271935047006
2017,인천,삼천리,412005.0,390649.0,94.8165677601
2017,인천,인천,765024.0,701577.0,91.70653469695068
2017,전남,MC에너지,182323.0,116317.0,63.79721702692475
2017,전남,대화,115519.0,79560.0,68.87178732502879
2017,전남,전남,259607.0,142948.0,55.06323019024912
2017,전남,해양,225906.0,62876.0,27.83281541880251
2017,전북,군산,157842.0,103397.0,65.50664588639272
2017,전북,전북,436948.0,325371.0,74.4644671677179
2017,전북,전북ES,179055.0,105547.0,58.94669235709699
2017,제주,제주,278203.0,25556.0,9.186097921302071
2017,충남,CNCITY,15647.0,14852.0,94.91915383140538
2017,충남,서해,260559.0,142877.0,54.83479749308218
2017,충남,중부,647231.0,438135.0,67.69376003312573
2017,충북,참빛충북,90246.0,63668.0,70.54938723045898
2017,충북,충청ES,599128.0,388553.0,64.85308648569253
2018,강원,강원,215554.0,124288.0,57.65979754493073
2018,강원,명성,21172.0,835.0,3.943888154165879
2018,강원,참빛,66312.0,25314.0,38.17408613825552
2018,강원,참빛영동,171870.0,56499.0,32.87310176296037
2018,강원,참빛원주,171577.0,132674.0,77.32621505213403
2018,경기,대륜,396520.0,325670.0,82.13204882477555
2018,경기,삼천리,2881638.0,2649454.0,91.94263818009064
2018,경기,서울,753067.0,656702.0,87.20366182557461
2018,경기,예스코,433976.0,329264.0,75.871476763692
2018,경기,인천,17063.0,9884.0,57.92650764812753
2018,경기,코원ES,814642.0,698041.0,85.68684158194642
2018,경남,경남,948272.0,736005.0,77.61538883358361
2018,경남,경동,141871.0,123937.0,87.35893875422039
2018,경남,지에스이,269941.0,163615.0,60.61139285992125
2018,경북,대성,131582.0,120514.0,91.5885151464486
2018,경북,대성청정,205047.0,81778.0,39.88256350982945
2018,경북,서라벌,166825.0,115521.0,69.24681552525101
2018,경북,영남ES(구미),413475.0,265105.0,64.11633109619686
2018,경북,영남ES(포항),261914.0,193868.0,74.01971639545805
2018,광주,해양,603107.0,602499.0,99.89918870117576
2018,대구,대성,1021266.0,984148.0,96.36549145864056
2018,대전,CNCITY,624965.0,592603.0,94.82179002024114
2018,부산,부산,1480468.0,1367105.0,92.3427591815561
2018,서울,귀뚜라미,351792.0,361713.0,102.8201323509346
2018,서울,대륜,572040.0,545449.0,95.35154884273828
2018,서울,서울,1618306.0,1590766.0,98.2982204848774
2018,서울,예스코,938206.0,953648.0,101.6459071888263
2018,서울,코원ES,782022.0,734760.0,93.95643600819416
2018,세종,중부,120559.0,98176.0,81.43398667872162
2018,세종,충청ES,3203.0,2058.0,64.25226350296597
2018,울산,경동,461756.0,433523.0,93.88573185838408
2018,인천,삼천리,419248.0,395611.0,94.36204823875129
2018,인천,인천,782207.0,720356.0,92.09275805509284
2018,전남,MC에너지,183222.0,121276.0,66.19074128652672
2018,전남,대화,116889.0,83351.0,71.3078219507396
2018,전남,전남,263406.0,149330.0,56.69195082875864
2018,전남,해양,229037.0,69446.0,30.32086518772076
2018,전북,군산,172305.0,109542.0,63.57447549403674
2018,전북,전북,442977.0,336153.0,75.88497822686054
2018,전북,전북ES,179626.0,111015.0,61.80341375970071
2018,제주,제주,198354.0,27762.0,13.99618863244502
2018,충남,CNCITY,15860.0,15049.0,94.88650693568728
2018,충남,서해,263995.0,155022.0,58.72156669633895
2018,충남,중부,662066.0,464020.0,70.08666809653418
2018,충북,참빛충북,93163.0,69584.0,74.69059605208076
2018,충북,충청ES,614057.0,402619.0,65.5670401933371
2019,강원,강원,218964.0,131920.0,60.24734659578743
2019,강원,명성,21379.0,848.0,3.966509191262454
2019,강원,참빛,80030.0,27618.0,34.50955891540672
2019,강원,참빛영동,174309.0,60955.0,34.96950817226879
2019,강원,참빛원주,177415.0,141464.0,79.73621170701463
2019,경기,대륜,406600.0,337714.0,83.05804230201672
2019,경기,삼천리,2969564.0,2705780.0,91.11707981373696
2019,경기,서울,782584.0,683378.0,87.32327775676477
2019,경기,예스코,447870.0,354154.0,79.07517806506353
2019,경기,인천,17725.0,10827.0,61.08321579689704
2019,경기,코원ES,837580.0,699054.0,83.46116191886148
2019,경남,경남,964416.0,784913.0,81.38738884464796
2019,경남,경동,145297.0,125510.0,86.38168716491049
2019,경남,지에스이,275284.0,174137.0,63.25721800031967
2019,경북,대성,134683.0,124270.0,92.26851198740746
2019,경북,대성청정,208198.0,83404.0,40.05994293893313
2019,경북,서라벌,169981.0,120187.0,70.70613774480677
2019,경북,영남ES(구미),418417.0,272600.0,65.15031655023577
2019,경북,영남ES(포항),265657.0,199747.0,75.18981242730287
2019,광주,해양,616485.0,618012.0,100.2476945911093
2019,대구,대성,1031251.0,1000869.0,97.05386952352046
2019,대전,CNCITY,635343.0,604211.0,95.09996962270772
2019,부산,부산,1497908.0,1419384.0,94.75775548298029
2019,서울,귀뚜라미,358916.0,371497.0,103.5052770007467
2019,서울,대륜,577958.0,549976.0,95.15847172285876
2019,서울,서울,1644166.0,1616713.0,98.33027808627595
2019,서울,예스코,944052.0,961124.0,101.8083749623961
2019,서울,코원ES,800937.0,750655.0,93.72210298687662
2019,세종,중부,132159.0,106322.0,80.45006393813513
2019,세종,충청ES,3249.0,2090.0,64.32748538011695
2019,울산,경동,468659.0,445116.0,94.97651810804872
2019,인천,삼천리,431396.0,405475.0,93.99136756019992
2019,인천,인천,795537.0,729393.0,91.68561613099077
2019,전남,MC에너지,184882.0,126827.0,68.59889010287642
2019,전남,대화,119518.0,89055.0,74.51178901922722
2019,전남,전남,268270.0,156373.0,58.28940992283893
2019,전남,해양,232055.0,74780.0,32.22511904505397
2019,전북,군산,173623.0,111119.0,64.0001612689563
2019,전북,전북,450802.0,346739.0,76.91602965381698
2019,전북,전북ES,180458.0,113802.0,63.06287335557305
2019,제주,제주,202500.0,29005.0,14.32345679012346
2019,충남,CNCITY,15967.0,15188.0,95.1211874491138
2019,충남,서해,269189.0,162243.0,60.27103633506569
2019,충남,중부,674099.0,482511.0,71.57865536071111
2019,충북,참빛충북,95648.0,74400.0,77.78521244563399
2019,충북,충청ES,626475.0,413153.0,65.94884073586337
2020,강원,강원,223936.0,135997.0,60.73029794226922
2020,강원,명성,21588.0,1228.0,5.688345377061331
2020,강원,참빛,83573.0,30511.0,36.50820240986922
2020,강원,참빛영동,177365.0,66543.0,37.51754855805824
2020,강원,참빛원주,183583.0,148603.0,80.94594815424087
2020,경기,대륜,424648.0,351763.0,82.83637271340028
2020,경기,삼천리,3059760.0,2731983.0,89.2874931367166
2020,경기,서울,824090.0,713934.0,86.63301338446044
2020,경기,예스코,460961.0,350644.0,76.06804046329299
2020,경기,인천,18429.0,11278.0,61.19702642574204
2020,경기,코원ES,872926.0,710826.0,81.43027014890151
2020,경남,경남,986002.0,805888.0,81.73289709351502
2020,경남,경동,149595.0,129413.0,86.50890738326815
2020,경남,지에스이,282509.0,184356.0,65.25668208800428
2020,경북,대성,139076.0,128113.0,92.11725962782938
2020,경북,대성청정,212688.0,89293.0,41.98309260513052
2020,경북,서라벌,174366.0,122968.0,70.52292304692429
2020,경북,영남ES(구미),428621.0,282854.0,65.99163363437629
2020,경북,영남ES(포항),271408.0,205552.0,75.73542415846254
2020,광주,해양,633582.0,631681.0,99.69995991047723
2020,대구,대성,1056627.0,1027675.0,97.2599602319456
2020,대전,CNCITY,652738.0,622233.0,95.326608838462
2020,부산,부산,1530431.0,1460855.0,95.45382967281766
2020,서울,귀뚜라미,369813.0,381186.0,103.075338076271
2020,서울,대륜,583355.0,550298.0,94.33329619185574
2020,서울,서울,1684641.0,1653655.0,98.16067636962416
2020,서울,예스코,959293.0,966805.0,100.7830767033638
2020,서울,코원ES,819200.0,757740.0,92.49755859375
2020,세종,중부,140942.0,108678.0,77.10831405826511
2020,세종,충청ES,3333.0,2231.0,66.93669366936693
2020,울산,경동,476893.0,457465.0,95.92613018014524
2020,인천,삼천리,447514.0,410302.0,91.68472941628642
2020,인천,인천,808447.0,733844.0,90.77206050613088
2020,전남,MC에너지,189869.0,135354.0,71.28809863642827
2020,전남,대화,122743.0,94403.0,76.91110694703568
2020,전남,전남,273902.0,161594.0,58.99701353038678
2020,전남,해양,237485.0,79290.0,33.38737183401057
2020,전북,군산,177246.0,116419.0,65.68215925888313
2020,전북,전북,465125.0,359695.0,77.33297500671863
2020,전북,전북ES,182735.0,116072.0,63.51930391003366
2020,제주,제주,208973.0,31551.0,15.09812272398827
2020,충남,CNCITY,16531.0,15721.0,95.1001149355756
2020,충남,서해,274833.0,171794.0,62.50850516495472
2020,충남,중부,691789.0,500381.0,72.33144788367551
2020,충북,참빛충북,98020.0,76458.0,78.00244847990207
2020,충북,충청ES,647624.0,432168.0,66.73131323113411
2021,강원,강원,226101.0,142391.0,62.97672279202657
2021,강원,명성,21665.0,1620.0,7.477498269097622
2021,강원,참빛,137494.0,34178.0,24.85781197724992
2021,강원,참빛영동,178979.0,71170.0,39.76444163840451
2021,강원,참빛원주,188488.0,154371.0,81.89964347862994
2021,경기,대륜,435525.0,361939.0,83.10406980081511
2021,경기,삼천리,3156512.0,2766761.0,87.65247843188938
2021,경기,서울,851012.0,732595.0,86.08515508594473
2021,경기,예스코,475752.0,359921.0,75.65307134809733
2021,경기,인천,18602.0,11545.0,62.06321900870874
2021,경기,코원ES,897167.0,723225.0,80.61208225447436
2021,경남,경남,999231.0,818030.0,81.86595491933296
2021,경남,경동,153732.0,132263.0,86.03478781255691
2021,경남,지에스이,286409.0,189984.0,66.33311104050502
2021,경북,대성,144390.0,132716.0,91.91495255904148
2021,경북,대성청정,214202.0,94329.0,44.03740394580817
2021,경북,서라벌,176975.0,124928.0,70.59076140697839
2021,경북,영남ES(구미),434862.0,292557.0,67.2758254342757
2021,경북,영남ES(포항),277631.0,211913.0,76.32901225007294
2021,광주,해양,645712.0,645814.0,100.0157965160939
2021,대구,대성,1063893.0,1036211.0,97.39804660807054
2021,대전,CNCITY,664417.0,634123.0,95.44051401454207
2021,부산,부산,1544663.0,1495405.0,96.81108435950108
2021,서울,귀뚜라미,374450.0,387010.0,103.3542529042596
2021,서울,대륜,581306.0,550543.0,94.70795071786632
2021,서울,서울,1686180.0,1681434.0,99.71853538768104
2021,서울,예스코,958335.0,974718.0,101.7095274616914
2021,서울,코원ES,825736.0,763886.0,92.5097125473517
2021,세종,중부,150267.0,109693.0,72.99872892917274
2021,세종,충청ES,3382.0,2278.0,67.35659373151981
2021,울산,경동,482650.0,464252.0,96.18812804309542
2021,인천,삼천리,456420.0,419623.0,91.93790806713116
2021,인천,인천,829648.0,744933.0,89.78904306404644
2021,전남,MC에너지,192690.0,141149.0,73.25185531164045
2021,전남,대화,123947.0,98021.0,79.08299515115331
2021,전남,전남,278020.0,166947.0,60.04855765772247
2021,전남,해양,239657.0,84564.0,35.28542875860084
2021,전북,군산,178231.0,119932.0,67.29020204117128
2021,전북,전북,474982.0,368874.0,77.66062713955476
2021,전북,전북ES,18204.0,122497.0,672.9125466930345
2021,제주,제주,212878.0,35829.0,16.83076691814091
2021,충남,CNCITY,16893.0,16218.0,96.0042621204049
2021,충남,서해,279638.0,177555.0,63.49458943348186
2021,충남,중부,705125.0,516891.0,73.3048750221592
2021,충북,참빛충북,100080.0,79465.0,79.40147881694645
2021,충북,충청ES,661021.0,446400.0,67.53189384300953
2022,강원,강원,218964.0,145975.0,66.66620997058878
2022,강원,명성,21927.0,1607.0,7.328863957677749
2022,강원,참빛,82806.0,35535.0,42.91355698862402
2022,강원,참빛영동,180318.0,76064.0,42.18325402899323
2022,강원,참빛원주,192522.0,159612.0,82.90584972107084
2022,경기,대륜,441629.0,378095.0,85.61371649053844
2022,경기,삼천리,3196763.0,2804089.0,87.71651198415397
2022,경기,서울,863346.0,753337.0,87.25783173837604
2022,경기,예스코,481618.0,370653.0,76.9599558156049
2022,경기,인천,18505.0,11618.0,62.78303161307755
2022,경기,코원ES,904397.0,731177.0,80.84690683405628
2022,경남,경남,1006074.0,828924.0,82.39195128787743
2022,경남,경동,155897.0,133468.0,85.61293674669814
2022,경남,지에스이,332185.0,199020.0,59.91239821183979
2022,경북,대성,147113.0,134698.0,91.56090896113872
2022,경북,대성청정,216105.0,98329.0,45.50056685407557
2022,경북,서라벌,178458.0,126999.0,71.16464378173015
2022,경북,영남ES(구미),441999.0,298335.0,67.49675904244127
2022,경북,영남ES(포항),277574.0,211896.0,76.3385619690605
2022,광주,해양,652355.0,659202.0,101.0495818994259
2022,대구,대성,1070873.0,1044262.0,97.51501812072954
2022,대전,CNCITY,673429.0,643126.0,95.50019378434848
2022,부산,부산,1555867.0,1509272.0,97.0052067432499
2022,서울,귀뚜라미,379449.0,394055.0,103.8492656457126
2022,서울,대륜,582360.0,561717.0,96.45528539048011
2022,서울,서울,1697811.0,1705223.0,100.4365621379529
2022,서울,예스코,959745.0,984579.0,102.5875623212416
2022,서울,코원ES,826931.0,762842.0,92.249776583536
2022,세종,중부,156124.0,111275.0,71.2734749301837
2022,세종,충청ES,3262.0,2356.0,72.22562844880441
2022,울산,경동,486143.0,471006.0,96.8863071153961
2022,인천,삼천리,457229.0,419512.0,91.75096067834716
2022,인천,인천,852980.0,764266.0,89.59952167694436
2022,전남,MC에너지,194141.0,147186.0,75.81397025872948
2022,전남,대화,124480.0,101340.0,81.41066838046272
2022,전남,전남,280230.0,172219.0,61.45630375049067
2022,전남,해양,240524.0,87797.0,36.50238645623722
2022,전북,군산,179375.0,123751.0,68.99010452961673
2022,전북,전북,480267.0,378394.0,78.78825736517395
2022,전북,전북ES,184684.0,125264.0,67.82612462368152
2022,제주,제주,215557.0,45112.0,20.92810718278692
2022,충남,CNCITY,18051.0,17220.0,95.39637693202592
2022,충남,서해,284560.0,190471.0,66.9352684846781
2022,충남,중부,717725.0,534635.0,74.49022954474206
2022,충북,참빛충북,100843.0,79846.0,79.17852503396368
2022,충북,충청ES,671005.0,457107.0,68.12274126124247
2023,강원,강원,231032.0,148618.0,64.32788531458846
2023,강원,명성,21993.0,1887.0,8.580002728140771
2023,강원,참빛,71800.0,37875.0,52.75069637883009
2023,강원,참빛영동,180742.0,78928.0,43.66887607750274
2023,강원,참빛원주,195183.0,163765.0,83.90331125149218
2023,경기,대륜,441629.0,382647.0,86.64444590368839
2023,경기,삼천리,3233651.0,2811024.0,86.93034591549923
2023,경기,서울,870921.0,765291.0,87.8714602128092
2023,경기,예스코,484364.0,377502.0,77.93766671346343
2023,경기,인천,18211.0,11564.0,63.50008236779968
2023,경기,코원ES,910712.0,739982.0,81.25312941961893
2023,경남,경남,1010612.0,843770.0,83.49099357616969
2023,경남,경동,158640.0,134284.0,84.64699949571357
2023,경남,지에스이,333716.0,203933.0,61.1097460115787
2023,경북,대성,149266.0,136625.0,91.53122613321185
2023,경북,대성청정,217733.0,100280.0,46.05640853706145
2023,경북,서라벌,179553.0,129346.0,72.03778271596687
2023,경북,영남ES(구미),441754.0,303277.0,68.65291542351626
2023,경북,영남ES(포항),279184.0,219818.0,78.7358874434065
2023,광주,해양,655433.0,665794.0,101.5807870522235
2023,대구,대성,1080560.0,1054194.0,97.5599689050122
2023,대전,CNCITY,680261.0,642523.0,94.45242340807424
2023,부산,부산,1564588.0,1522927.0,97.33725428036009
2023,서울,귀뚜라미,380753.0,398269.0,104.6003577122176
2023,서울,대륜,582360.0,553506.0,95.04533278384504
2023,서울,서울,1706158.0,1723762.0,101.0317918973507
2023,서울,예스코,963123.0,995276.0,103.3384105664593
2023,서울,코원ES,837882.0,773234.0,92.2843550762518
2023,세종,중부,157686.0,110017.0,69.7696688355339
2023,세종,충청ES,3149.0,2367.0,75.16671959352176
2023,울산,경동,490690.0,476965.0,97.20291833948112
2023,인천,삼천리,463302.0,423544.0,91.4185563628044
2023,인천,인천,875761.0,784072.0,89.53036273595193
2023,전남,MC에너지,195077.0,151116.0,77.46479595236752
2023,전남,대화,124489.0,106264.0,85.36015230261307
2023,전남,전남,282910.0,179046.0,63.28726450107808
2023,전남,해양,240626.0,89780.0,37.3110137724103
2023,전북,군산,180137.0,125947.0,69.91734069069653
2023,전북,전북,484583.0,383165.0,79.07107760693215
2023,전북,전북ES,185041.0,123316.0,66.6425278722013
2023,제주,제주,246846.0,48814.0,19.77508244006384
2023,충남,CNCITY,19404.0,19920.0,102.6592455163884
2023,충남,서해,287649.0,197067.0,68.50953766569673
2023,충남,중부,728396.0,551679.0,75.7388837939802
2023,충북,참빛충북,102143.0,82521.0,80.78967721723465
2023,충북,충청ES,677824.0,466266.0,68.78865310169012
2024,강원,강원,232555.0,151660.0,65.21468039818538
2024,강원,명성,22080.0,1982.0,8.97644927536232
2024,강원,참빛,71737.0,38106.0,53.11903201973877
2024,강원,참빛영동,181516.0,82920.0,45.6819233566187
2024,강원,참빛원주,197673.0,167095.0,84.53101839907322
2024,경기,대륜,464671.0,390536.0,84.04570115199786
2024,경기,삼천리,3278828.0,2794575.0,85.230911777013
2024,경기,서울,880673.0,773782.0,87.86257782400504
2024,경기,예스코,489254.0,378199.0,77.30115645452057
2024,경기,인천,18038.0,11341.0,62.87282403814171
2024,경기,코원ES,919314.0,745788.0,81.12440363140342
2024,경남,경남,1016825.0,862388.0,84.81184077889509
2024,경남,경동,163197.0,136491.0,83.63572859795217
2024,경남,지에스이,335202.0,209227.0,62.41818366238865
2024,경북,대성,151867.0,138205.0,91.00397057952024
2024,경북,대성청정,205420.0,102801.0,50.04429948398403
2024,경북,서라벌,179847.0,134679.0,74.88531918797645
2024,경북,영남ES(구미),443668.0,304786.0,68.69686342039543
2024,경북,영남ES(포항),282159.0,224416.0,79.5352974741192
2024,광주,해양,658075.0,672205.0,102.1471716749611
2024,대구,대성,1090726.0,1064013.0,97.55089729226222
2024,대구,대성청정,13404.0,1554.0,11.59355416293644
2024,대전,CNCITY,687757.0,658369.0,95.72697915106644
2024,부산,부산,1570403.0,1531354.0,97.51344081742074
2024,서울,귀뚜라미,381084.0,398869.0,104.6669500687512
2024,서울,대륜,581330.0,550520.0,94.70008428947412
2024,서울,서울,1708251.0,1726735.0,101.0820423930675
2024,서울,예스코,957939.7,980554.0,102.3607227051974
2024,서울,코원ES,853458.0,784765.0,91.9512149396924
2024,세종,JB,160393.0,107993.0,67.33024508550872
2024,세종,충청ES,3039.0,2310.0,76.01184600197433
2024,울산,경동,495378.0,487354.0,98.38022681669352
2024,인천,삼천리,471427.0,425617.0,90.2826948817102
2024,인천,인천,890528.0,789615.0,88.66818336986597
2024,전남,MC에너지,195949.0,154857.0,79.02923719947538
2024,전남,대화,128285.0,108349.0,84.45960166816073
2024,전남,전남,285294.0,183161.0,64.20078936115026
2024,전남,해양,239127.0,91113.0,38.10234728826105
2024,전북,군산,181213.0,130067.0,71.77575560252299
2024,전북,전북,486287.0,384882.0,79.14708803648874
2024,전북,전북ES,184862.0,129673.0,70.14583851738053
2024,제주,제주,248406.0,53417.0,21.50390892329493
2024,충남,CNCITY,19536.0,18635.0,95.38800163800164
2024,충남,JB,739962.0,565830.0,76.46744021990318
2024,충남,서해,292631.0,205232.0,70.13337616315428
2024,충북,참빛충북,103470.0,83549.0,80.74707644727941
2024,충북,충청ES,684293.0,480260.0,70.1833863564292
